SiteID,SiteName,City,Country
SI001,Research Site 1,Hyderabad,India
SI002,Research Site 2,Bengaluru,India
SI003,Research Site 3,Chennai,India
SI004,Research Site 4,Mumbai,India
SI005,Research Site 5,Delhi,India
SI006,Research Site 6,Pune,India
SI007,Research Site 7,Kolkata,India
SI008,Research Site 8,Ahmedabad,India
SI009,Research Site 9,Jaipur,India
SI010,Research Site 10,Vellore,India
SI011,Research Site 11,Hyderabad,India
SI012,Research Site 12,Bengaluru,India
SI013,Research Site 13,Chennai,India
SI014,Research Site 14,Mumbai,India
SI015,Research Site 15,Delhi,India
SI016,Research Site 16,Pune,India
SI017,Research Site 17,Kolkata,India
SI018,Research Site 18,Ahmedabad,India
SI019,Research Site 19,Jaipur,India
SI020,Research Site 20,Vellore,India
SI021,Research Site 21,Hyderabad,India
SI022,Research Site 22,Bengaluru,India
SI023,Research Site 23,Chennai,India
SI024,Research Site 24,Mumbai,India
SI025,Research Site 25,Delhi,India
SI026,Research Site 26,Pune,India
SI027,Research Site 27,Kolkata,India
SI028,Research Site 28,Ahmedabad,India
SI029,Research Site 29,Jaipur,India
SI030,Research Site 30,Vellore,India
SI031,Research Site 31,Hyderabad,India
SI032,Research Site 32,Bengaluru,India
SI033,Research Site 33,Chennai,India
SI034,Research Site 34,Mumbai,India
SI035,Research Site 35,Delhi,India
SI036,Research Site 36,Pune,India
SI037,Research Site 37,Kolkata,India
SI038,Research Site 38,Ahmedabad,India
SI039,Research Site 39,Jaipur,India
SI040,Research Site 40,Vellore,India
SI041,Research Site 41,Hyderabad,India
SI042,Research Site 42,Bengaluru,India
SI043,Research Site 43,Chennai,India
SI044,Research Site 44,Mumbai,India
SI045,Research Site 45,Delhi,India
SI046,Research Site 46,Pune,India
SI047,Research Site 47,Kolkata,India
SI048,Research Site 48,Ahmedabad,India
SI049,Research Site 49,Jaipur,India
SI050,Research Site 50,Vellore,India
